{"cameraMode":{"drawMode":0,"name":"Shaded","section":"Shading Mode"},"sceneLighting":false,"audioPlay":false,"sceneViewState":{"m_AlwaysRefresh":false,"showFog":true,"showSkybox":false,"showFlares":true,"showImageEffects":true,"showParticleSystems":true,"showVisualEffectGraphs":true,"m_FxEnabled":true},"in2DMode":false,"pivot":{"x":39.71809768676758,"y":-36.16187286376953,"z":36.637020111083987},"rotation":{"x":0.6319147944450378,"y":0.02190987393260002,"z":-0.017922982573509218,"w":0.7745817303657532},"size":39.892417907714847,"orthographic":false}